"Campaign","Negative keyword","Match type"
"ホームページ制作","無料","BROAD"
"ホームページ制作","フリー","BROAD"
"ホームページ制作","free","BROAD"
"ホームページ制作","テンプレート","BROAD"
"ホームページ制作","自作","BROAD"
"ホームページ制作","自分で","BROAD"
"ホームページ制作","作り方","BROAD"
"ホームページ制作","方法","BROAD"
"ホームページ制作","やり方","BROAD"
"ホームページ制作","講座","BROAD"
"ホームページ制作","セミナー","BROAD"
"ホームページ制作","求人","BROAD"
"ホームページ制作","採用","BROAD"
"ホームページ制作","転職","BROAD"
"ホームページ制作","アルバイト","BROAD"
"ホームページ制作","バイト","BROAD"
"ホームページ制作","パート","BROAD"
"ホームページ制作","副業","BROAD"
"ホームページ制作","在宅","BROAD"
"ホームページ制作","内職","BROAD"
"ホームページ制作","WordPress 無料","BROAD"
"ホームページ制作","Wix","BROAD"
"ホームページ制作","Jimdo","BROAD"
"ホームページ制作","ペライチ","BROAD"
"AIチャットボット","無料","BROAD"
"AIチャットボット","フリー","BROAD"
"AIチャットボット","free","BROAD"
"AIチャットボット","テンプレート","BROAD"
"AIチャットボット","自作","BROAD"
"AIチャットボット","自分で","BROAD"
"AIチャットボット","作り方","BROAD"
"AIチャットボット","方法","BROAD"
"AIチャットボット","やり方","BROAD"
"AIチャットボット","講座","BROAD"
"AIチャットボット","セミナー","BROAD"
"AIチャットボット","求人","BROAD"
"AIチャットボット","採用","BROAD"
"AIチャットボット","転職","BROAD"
"AIチャットボット","アルバイト","BROAD"
"AIチャットボット","バイト","BROAD"
"AIチャットボット","パート","BROAD"
"AIチャットボット","副業","BROAD"
"AIチャットボット","在宅","BROAD"
"AIチャットボット","内職","BROAD"
"AIチャットボット","WordPress 無料","BROAD"
"AIチャットボット","Wix","BROAD"
"AIチャットボット","Jimdo","BROAD"
"AIチャットボット","ペライチ","BROAD"
"Amazon販売代行","無料","BROAD"
"Amazon販売代行","フリー","BROAD"
"Amazon販売代行","free","BROAD"
"Amazon販売代行","テンプレート","BROAD"
"Amazon販売代行","自作","BROAD"
"Amazon販売代行","自分で","BROAD"
"Amazon販売代行","作り方","BROAD"
"Amazon販売代行","方法","BROAD"
"Amazon販売代行","やり方","BROAD"
"Amazon販売代行","講座","BROAD"
"Amazon販売代行","セミナー","BROAD"
"Amazon販売代行","求人","BROAD"
"Amazon販売代行","採用","BROAD"
"Amazon販売代行","転職","BROAD"
"Amazon販売代行","アルバイト","BROAD"
"Amazon販売代行","バイト","BROAD"
"Amazon販売代行","パート","BROAD"
"Amazon販売代行","副業","BROAD"
"Amazon販売代行","在宅","BROAD"
"Amazon販売代行","内職","BROAD"
"Amazon販売代行","WordPress 無料","BROAD"
"Amazon販売代行","Wix","BROAD"
"Amazon販売代行","Jimdo","BROAD"
"Amazon販売代行","ペライチ","BROAD"